symbol,timestamp,open,high,low,close,volume,source,last_updated
CUB,2026-01-02 09:15:00,289.95,290.0,288.4,289.05,10505,DHAN_HISTORY,2026-03-15 16:38:07
CUB,2026-01-02 09:16:00,289.45,289.95,289.4,289.8,5184,DHAN_HISTORY,2026-03-15 16:38:07
CUB,2026-01-02 09:17:00,289.2,289.8,289.1,289.45,4005,DHAN_HISTORY,2026-03-15 16:38:07
CUB,2026-01-02 09:18:00,289.65,289.8,289.35,289.8,2361,DHAN_HISTORY,2026-03-15 16:38:07
CUB,2026-01-02 09:19:00,289.75,289.75,289.35,289.6,2410,DHAN_HISTORY,2026-03-15 16:38:07
CUB,2026-01-02 09:20:00,289.1,289.95,289.1,289.5,3670,DHAN_HISTORY,2026-03-15 16:38:07
CUB,2026-01-02 09:21:00,289.5,289.9,289.5,289.8,2180,DHAN_HISTORY,2026-03-15 16:38:07
CUB,2026-01-02 09:22:00,289.6,289.75,289.4,289.75,2908,DHAN_HISTORY,2026-03-15 16:38:07
CUB,2026-01-02 09:23:00,289.75,290.2,289.5,289.95,7478,DHAN_HISTORY,2026-03-15 16:38:07
CUB,2026-01-02 09:24:00,290.1,290.7,290.0,290.1,9456,DHAN_HISTORY,2026-03-15 16:38:07
CUB,2026-01-02 09:25:00,290.3,290.3,290.0,290.25,5002,DHAN_HISTORY,2026-03-15 16:38:07
CUB,2026-01-02 09:26:00,290.45,290.5,290.15,290.35,1393,DHAN_HISTORY,2026-03-15 16:38:07
CUB,2026-01-02 09:27:00,290.35,290.5,290.1,290.15,3743,DHAN_HISTORY,2026-03-15 16:38:07
CUB,2026-01-02 09:28:00,290.4,290.5,290.15,290.5,3392,DHAN_HISTORY,2026-03-15 16:38:07
CUB,2026-01-02 09:29:00,290.5,290.5,290.05,290.05,4776,DHAN_HISTORY,2026-03-15 16:38:07
CUB,2026-01-02 09:30:00,290.3,290.3,289.9,290.1,6389,DHAN_HISTORY,2026-03-15 16:38:07
CUB,2026-01-02 09:31:00,289.9,289.9,289.65,289.85,5440,DHAN_HISTORY,2026-03-15 16:38:07
CUB,2026-01-02 09:32:00,289.75,290.4,289.75,290.35,908,DHAN_HISTORY,2026-03-15 16:38:07
CUB,2026-01-02 09:33:00,290.15,290.3,289.9,290.3,2517,DHAN_HISTORY,2026-03-15 16:38:07
CUB,2026-01-02 09:34:00,290.35,290.45,289.9,290.45,4904,DHAN_HISTORY,2026-03-15 16:38:07
CUB,2026-01-02 09:35:00,290.3,290.5,290.3,290.45,1107,DHAN_HISTORY,2026-03-15 16:38:07
CUB,2026-01-02 09:36:00,290.5,290.5,290.0,290.0,2066,DHAN_HISTORY,2026-03-15 16:38:07
CUB,2026-01-02 09:37:00,290.1,290.2,289.6,290.2,4505,DHAN_HISTORY,2026-03-15 16:38:07
CUB,2026-01-02 09:38:00,290.0,290.0,289.8,290.0,1184,DHAN_HISTORY,2026-03-15 16:38:07
CUB,2026-01-02 09:39:00,289.75,289.95,289.55,289.55,371,DHAN_HISTORY,2026-03-15 16:38:07
CUB,2026-01-02 09:40:00,289.5,290.15,289.5,290.1,2330,DHAN_HISTORY,2026-03-15 16:38:07
CUB,2026-01-02 09:41:00,289.9,290.15,289.8,289.9,844,DHAN_HISTORY,2026-03-15 16:38:07
CUB,2026-01-02 09:42:00,290.0,290.25,289.8,290.0,3672,DHAN_HISTORY,2026-03-15 16:38:07
CUB,2026-01-02 09:43:00,289.9,290.25,289.9,290.25,197,DHAN_HISTORY,2026-03-15 16:38:07
CUB,2026-01-02 09:44:00,290.25,290.25,290.0,290.2,1201,DHAN_HISTORY,2026-03-15 16:38:07
CUB,2026-01-02 09:45:00,290.05,290.2,290.0,290.2,907,DHAN_HISTORY,2026-03-15 16:38:07
CUB,2026-01-02 09:46:00,290.2,290.25,290.2,290.2,635,DHAN_HISTORY,2026-03-15 16:38:07
CUB,2026-01-02 09:47:00,290.2,290.25,290.2,290.2,575,DHAN_HISTORY,2026-03-15 16:38:07
CUB,2026-01-02 09:48:00,290.2,290.45,290.2,290.25,4774,DHAN_HISTORY,2026-03-15 16:38:07
CUB,2026-01-02 09:49:00,290.5,290.5,288.5,288.7,39657,DHAN_HISTORY,2026-03-15 16:38:07
CUB,2026-01-02 09:50:00,288.95,289.25,288.7,288.9,1941,DHAN_HISTORY,2026-03-15 16:38:07
CUB,2026-01-02 09:51:00,289.1,289.2,288.75,288.75,5470,DHAN_HISTORY,2026-03-15 16:38:07
CUB,2026-01-02 09:52:00,289.05,289.05,288.5,288.5,5885,DHAN_HISTORY,2026-03-15 16:38:07
CUB,2026-01-02 09:53:00,288.5,288.75,288.2,288.25,1457,DHAN_HISTORY,2026-03-15 16:38:07
CUB,2026-01-02 09:54:00,288.25,288.55,288.25,288.3,1954,DHAN_HISTORY,2026-03-15 16:38:07
CUB,2026-01-02 09:55:00,288.3,288.6,288.25,288.25,1067,DHAN_HISTORY,2026-03-15 16:38:07
CUB,2026-01-02 09:56:00,288.25,288.6,288.25,288.35,1782,DHAN_HISTORY,2026-03-15 16:38:07
CUB,2026-01-02 09:57:00,288.6,288.85,288.3,288.55,2077,DHAN_HISTORY,2026-03-15 16:38:07
CUB,2026-01-02 09:58:00,288.55,288.8,288.25,288.3,4008,DHAN_HISTORY,2026-03-15 16:38:07
CUB,2026-01-02 09:59:00,288.3,288.45,288.25,288.3,443,DHAN_HISTORY,2026-03-15 16:38:07
CUB,2026-01-02 10:00:00,288.55,288.55,288.25,288.25,1443,DHAN_HISTORY,2026-03-15 16:38:07
CUB,2026-01-02 10:01:00,288.25,288.35,287.55,287.65,10046,DHAN_HISTORY,2026-03-15 16:38:07
CUB,2026-01-02 10:02:00,287.65,287.95,287.55,287.55,1717,DHAN_HISTORY,2026-03-15 16:38:07
CUB,2026-01-02 10:03:00,287.7,288.15,287.55,288.0,2577,DHAN_HISTORY,2026-03-15 16:38:07
CUB,2026-01-02 10:04:00,288.0,288.15,287.9,288.0,783,DHAN_HISTORY,2026-03-15 16:38:07
CUB,2026-01-02 10:05:00,288.1,288.15,287.85,288.0,958,DHAN_HISTORY,2026-03-15 16:38:07
CUB,2026-01-02 10:06:00,288.15,288.15,287.65,287.7,2527,DHAN_HISTORY,2026-03-15 16:38:07
CUB,2026-01-02 10:07:00,287.7,287.95,287.55,287.85,2574,DHAN_HISTORY,2026-03-15 16:38:07
CUB,2026-01-02 10:08:00,287.65,287.85,287.5,287.55,2088,DHAN_HISTORY,2026-03-15 16:38:07
CUB,2026-01-02 10:09:00,287.35,287.85,287.25,287.8,10114,DHAN_HISTORY,2026-03-15 16:38:07
CUB,2026-01-02 10:10:00,287.6,288.05,287.55,287.9,2013,DHAN_HISTORY,2026-03-15 16:38:07
CUB,2026-01-02 10:11:00,287.85,287.95,287.55,287.9,2874,DHAN_HISTORY,2026-03-15 16:38:07
CUB,2026-01-02 10:12:00,287.7,288.1,287.7,287.9,992,DHAN_HISTORY,2026-03-15 16:38:07
CUB,2026-01-02 10:13:00,288.1,288.4,287.9,288.2,2406,DHAN_HISTORY,2026-03-15 16:38:07
CUB,2026-01-02 10:14:00,288.2,288.5,288.05,288.4,3140,DHAN_HISTORY,2026-03-15 16:38:07
CUB,2026-01-02 10:15:00,288.3,288.65,288.2,288.4,18490,DHAN_HISTORY,2026-03-15 16:38:07
CUB,2026-01-02 10:16:00,288.25,288.5,288.05,288.1,502,DHAN_HISTORY,2026-03-15 16:38:07
CUB,2026-01-02 10:17:00,288.05,288.4,287.9,288.4,3652,DHAN_HISTORY,2026-03-15 16:38:07
CUB,2026-01-02 10:18:00,288.35,288.75,288.25,288.6,1290,DHAN_HISTORY,2026-03-15 16:38:07
CUB,2026-01-02 10:19:00,288.6,288.7,288.35,288.65,4982,DHAN_HISTORY,2026-03-15 16:38:07
CUB,2026-01-02 10:20:00,288.4,288.8,288.4,288.55,1082,DHAN_HISTORY,2026-03-15 16:38:07
CUB,2026-01-02 10:21:00,288.65,288.7,287.4,287.5,4581,DHAN_HISTORY,2026-03-15 16:38:07
CUB,2026-01-02 10:22:00,287.5,287.75,286.85,286.9,14836,DHAN_HISTORY,2026-03-15 16:38:07
CUB,2026-01-02 10:23:00,286.9,287.1,286.65,286.75,6415,DHAN_HISTORY,2026-03-15 16:38:07
CUB,2026-01-02 10:24:00,286.65,286.75,286.5,286.55,2846,DHAN_HISTORY,2026-03-15 16:38:07
CUB,2026-01-02 10:25:00,286.65,286.75,286.55,286.6,1028,DHAN_HISTORY,2026-03-15 16:38:07
CUB,2026-01-02 10:26:00,286.75,286.75,286.6,286.6,4177,DHAN_HISTORY,2026-03-15 16:38:07
CUB,2026-01-02 10:27:00,286.6,286.75,286.6,286.65,2029,DHAN_HISTORY,2026-03-15 16:38:07
CUB,2026-01-02 10:28:00,286.6,286.95,286.6,286.8,1277,DHAN_HISTORY,2026-03-15 16:38:07
CUB,2026-01-02 10:29:00,286.7,286.95,286.5,286.7,3228,DHAN_HISTORY,2026-03-15 16:38:07
CUB,2026-01-02 10:30:00,286.7,286.95,286.7,286.75,1718,DHAN_HISTORY,2026-03-15 16:38:07
CUB,2026-01-02 10:31:00,286.75,287.0,286.7,286.7,2491,DHAN_HISTORY,2026-03-15 16:38:07
CUB,2026-01-02 10:32:00,286.7,286.95,286.7,286.75,601,DHAN_HISTORY,2026-03-15 16:38:07
CUB,2026-01-02 10:33:00,286.75,286.9,286.7,286.7,1327,DHAN_HISTORY,2026-03-15 16:38:07
CUB,2026-01-02 10:34:00,286.7,286.9,286.7,286.8,1011,DHAN_HISTORY,2026-03-15 16:38:07
CUB,2026-01-02 10:35:00,286.8,286.8,286.5,286.7,4149,DHAN_HISTORY,2026-03-15 16:38:07
CUB,2026-01-02 10:36:00,286.55,286.95,286.55,286.8,1762,DHAN_HISTORY,2026-03-15 16:38:07
CUB,2026-01-02 10:37:00,286.8,287.15,286.75,286.85,3215,DHAN_HISTORY,2026-03-15 16:38:07
CUB,2026-01-02 10:38:00,286.7,287.15,286.6,287.15,898,DHAN_HISTORY,2026-03-15 16:38:07
CUB,2026-01-02 10:39:00,287.05,287.25,286.9,287.1,461,DHAN_HISTORY,2026-03-15 16:38:07
CUB,2026-01-02 10:40:00,287.0,287.25,286.95,287.15,853,DHAN_HISTORY,2026-03-15 16:38:07
CUB,2026-01-02 10:41:00,287.1,287.2,287.0,287.0,2493,DHAN_HISTORY,2026-03-15 16:38:07
CUB,2026-01-02 10:42:00,286.9,287.3,286.9,287.15,3768,DHAN_HISTORY,2026-03-15 16:38:07
CUB,2026-01-02 10:43:00,287.3,287.3,287.0,287.0,1016,DHAN_HISTORY,2026-03-15 16:38:07
CUB,2026-01-02 10:44:00,287.0,287.25,286.95,287.1,773,DHAN_HISTORY,2026-03-15 16:38:07
CUB,2026-01-02 10:45:00,287.0,287.15,287.0,287.1,591,DHAN_HISTORY,2026-03-15 16:38:07
CUB,2026-01-02 10:46:00,287.05,287.4,287.0,287.4,1286,DHAN_HISTORY,2026-03-15 16:38:07
CUB,2026-01-02 10:47:00,287.3,287.3,287.05,287.25,928,DHAN_HISTORY,2026-03-15 16:38:07
CUB,2026-01-02 10:48:00,287.2,287.3,287.0,287.0,1289,DHAN_HISTORY,2026-03-15 16:38:07
CUB,2026-01-02 10:49:00,287.15,287.2,286.6,286.8,4425,DHAN_HISTORY,2026-03-15 16:38:07
CUB,2026-01-02 10:50:00,286.75,287.5,286.75,287.25,1944,DHAN_HISTORY,2026-03-15 16:38:07
CUB,2026-01-02 10:51:00,287.35,287.6,287.25,287.4,14903,DHAN_HISTORY,2026-03-15 16:38:07
CUB,2026-01-02 10:52:00,287.4,287.6,287.4,287.5,1018,DHAN_HISTORY,2026-03-15 16:38:07
CUB,2026-01-02 10:53:00,287.6,287.9,287.55,287.85,923,DHAN_HISTORY,2026-03-15 16:38:07
CUB,2026-01-02 10:54:00,287.65,288.15,287.5,287.8,4158,DHAN_HISTORY,2026-03-15 16:38:07
CUB,2026-01-02 10:55:00,288.0,288.0,287.8,288.0,351,DHAN_HISTORY,2026-03-15 16:38:07
CUB,2026-01-02 10:56:00,288.0,288.1,287.7,287.85,1133,DHAN_HISTORY,2026-03-15 16:38:07
CUB,2026-01-02 10:57:00,287.95,288.3,287.9,288.1,770,DHAN_HISTORY,2026-03-15 16:38:07
CUB,2026-01-02 10:58:00,288.0,288.3,287.8,288.15,1317,DHAN_HISTORY,2026-03-15 16:38:07
CUB,2026-01-02 10:59:00,288.15,288.25,287.8,287.95,2680,DHAN_HISTORY,2026-03-15 16:38:07
CUB,2026-01-02 11:00:00,288.15,288.35,287.95,288.05,1628,DHAN_HISTORY,2026-03-15 16:38:07
CUB,2026-01-02 11:01:00,288.15,288.55,288.05,288.3,716,DHAN_HISTORY,2026-03-15 16:38:07
CUB,2026-01-02 11:02:00,288.55,288.6,288.25,288.45,413,DHAN_HISTORY,2026-03-15 16:38:07
CUB,2026-01-02 11:03:00,288.4,288.5,287.65,287.95,5046,DHAN_HISTORY,2026-03-15 16:38:07
CUB,2026-01-02 11:04:00,287.95,287.95,287.15,287.15,2534,DHAN_HISTORY,2026-03-15 16:38:07
CUB,2026-01-02 11:05:00,287.2,287.3,286.8,286.8,2917,DHAN_HISTORY,2026-03-15 16:38:07
CUB,2026-01-02 11:06:00,286.85,286.95,286.5,286.6,2762,DHAN_HISTORY,2026-03-15 16:38:07
CUB,2026-01-02 11:07:00,286.7,287.05,286.5,286.8,1551,DHAN_HISTORY,2026-03-15 16:38:07
CUB,2026-01-02 11:08:00,286.7,287.2,286.7,286.8,1526,DHAN_HISTORY,2026-03-15 16:38:07
CUB,2026-01-02 11:09:00,287.0,287.2,286.8,287.2,1667,DHAN_HISTORY,2026-03-15 16:38:07
CUB,2026-01-02 11:10:00,286.95,287.3,286.95,287.25,1942,DHAN_HISTORY,2026-03-15 16:38:07
CUB,2026-01-02 11:11:00,286.95,287.2,286.85,286.85,1500,DHAN_HISTORY,2026-03-15 16:38:07
CUB,2026-01-02 11:12:00,286.85,287.05,286.65,286.9,4069,DHAN_HISTORY,2026-03-15 16:38:07
CUB,2026-01-02 11:13:00,286.8,287.1,286.55,286.65,4566,DHAN_HISTORY,2026-03-15 16:38:07
CUB,2026-01-02 11:14:00,286.8,287.15,286.35,286.45,8820,DHAN_HISTORY,2026-03-15 16:38:07
CUB,2026-01-02 11:15:00,286.35,286.9,286.3,286.75,4544,DHAN_HISTORY,2026-03-15 16:38:07
CUB,2026-01-02 11:16:00,286.75,286.9,286.5,286.7,2252,DHAN_HISTORY,2026-03-15 16:38:07
CUB,2026-01-02 11:17:00,287.0,287.0,286.65,286.9,2458,DHAN_HISTORY,2026-03-15 16:38:07
CUB,2026-01-02 11:18:00,286.8,287.2,286.6,286.7,4749,DHAN_HISTORY,2026-03-15 16:38:07
CUB,2026-01-02 11:19:00,286.75,287.1,286.6,286.95,1725,DHAN_HISTORY,2026-03-15 16:38:07
CUB,2026-01-02 11:20:00,286.85,287.3,286.7,286.95,3749,DHAN_HISTORY,2026-03-15 16:38:07
CUB,2026-01-02 11:21:00,287.15,287.45,287.0,287.35,1463,DHAN_HISTORY,2026-03-15 16:38:07
CUB,2026-01-02 11:22:00,287.25,287.5,287.2,287.5,1001,DHAN_HISTORY,2026-03-15 16:38:07
CUB,2026-01-02 11:23:00,287.2,287.45,287.15,287.2,1333,DHAN_HISTORY,2026-03-15 16:38:07
CUB,2026-01-02 11:24:00,287.35,287.8,287.3,287.65,3381,DHAN_HISTORY,2026-03-15 16:38:07
CUB,2026-01-02 11:25:00,287.55,287.9,287.35,287.75,2383,DHAN_HISTORY,2026-03-15 16:38:07
CUB,2026-01-02 11:26:00,287.5,287.8,287.3,287.3,1574,DHAN_HISTORY,2026-03-15 16:38:07
CUB,2026-01-02 11:27:00,287.3,287.7,287.05,287.55,2352,DHAN_HISTORY,2026-03-15 16:38:07
CUB,2026-01-02 11:28:00,287.7,287.75,287.1,287.1,1661,DHAN_HISTORY,2026-03-15 16:38:07
CUB,2026-01-02 11:29:00,287.25,287.4,287.0,287.15,1744,DHAN_HISTORY,2026-03-15 16:38:07
CUB,2026-01-02 11:30:00,287.4,287.7,287.1,287.15,3546,DHAN_HISTORY,2026-03-15 16:38:07
CUB,2026-01-02 11:31:00,287.45,287.55,287.15,287.35,1331,DHAN_HISTORY,2026-03-15 16:38:07
CUB,2026-01-02 11:32:00,287.25,287.55,287.2,287.45,1149,DHAN_HISTORY,2026-03-15 16:38:07
CUB,2026-01-02 11:33:00,287.45,287.55,287.05,287.2,1650,DHAN_HISTORY,2026-03-15 16:38:07
CUB,2026-01-02 11:34:00,287.15,287.55,287.15,287.3,2040,DHAN_HISTORY,2026-03-15 16:38:07
CUB,2026-01-02 11:35:00,287.35,287.4,287.1,287.3,957,DHAN_HISTORY,2026-03-15 16:38:07
CUB,2026-01-02 11:36:00,287.15,287.65,287.15,287.3,2098,DHAN_HISTORY,2026-03-15 16:38:07
CUB,2026-01-02 11:37:00,287.3,287.7,287.3,287.6,1634,DHAN_HISTORY,2026-03-15 16:38:07
CUB,2026-01-02 11:38:00,287.6,287.7,287.35,287.35,1187,DHAN_HISTORY,2026-03-15 16:38:07
CUB,2026-01-02 11:39:00,287.35,287.8,287.3,287.45,2236,DHAN_HISTORY,2026-03-15 16:38:07
CUB,2026-01-02 11:40:00,287.4,287.7,287.25,287.4,1547,DHAN_HISTORY,2026-03-15 16:38:07
CUB,2026-01-02 11:41:00,287.35,287.5,287.15,287.35,1058,DHAN_HISTORY,2026-03-15 16:38:07
CUB,2026-01-02 11:42:00,287.4,287.4,287.3,287.3,1778,DHAN_HISTORY,2026-03-15 16:38:07
CUB,2026-01-02 11:43:00,287.35,287.4,287.0,287.25,2588,DHAN_HISTORY,2026-03-15 16:38:07
CUB,2026-01-02 11:44:00,287.2,287.4,287.0,287.1,2968,DHAN_HISTORY,2026-03-15 16:38:07
CUB,2026-01-02 11:45:00,287.05,287.3,286.85,286.95,1031,DHAN_HISTORY,2026-03-15 16:38:07
CUB,2026-01-02 11:46:00,286.8,287.15,286.8,287.0,1159,DHAN_HISTORY,2026-03-15 16:38:07
CUB,2026-01-02 11:47:00,287.15,287.15,286.8,287.0,1997,DHAN_HISTORY,2026-03-15 16:38:07
CUB,2026-01-02 11:48:00,286.8,287.0,286.5,286.6,3277,DHAN_HISTORY,2026-03-15 16:38:07
CUB,2026-01-02 11:49:00,286.55,286.85,286.5,286.85,1617,DHAN_HISTORY,2026-03-15 16:38:07
CUB,2026-01-02 11:50:00,286.85,286.85,286.6,286.65,1414,DHAN_HISTORY,2026-03-15 16:38:07
CUB,2026-01-02 11:51:00,286.7,287.5,286.5,286.9,24167,DHAN_HISTORY,2026-03-15 16:38:07
CUB,2026-01-02 11:52:00,286.9,287.4,286.9,287.15,1207,DHAN_HISTORY,2026-03-15 16:38:07
CUB,2026-01-02 11:53:00,287.2,287.9,287.2,287.85,10305,DHAN_HISTORY,2026-03-15 16:38:07
CUB,2026-01-02 11:54:00,287.6,287.9,287.5,287.6,2183,DHAN_HISTORY,2026-03-15 16:38:07
CUB,2026-01-02 11:55:00,287.6,287.9,287.6,287.8,1764,DHAN_HISTORY,2026-03-15 16:38:07
CUB,2026-01-02 11:56:00,287.85,287.85,287.7,287.85,1432,DHAN_HISTORY,2026-03-15 16:38:07
CUB,2026-01-02 11:57:00,287.8,287.85,287.7,287.75,1685,DHAN_HISTORY,2026-03-15 16:38:07
CUB,2026-01-02 11:58:00,287.85,288.15,287.75,288.05,8489,DHAN_HISTORY,2026-03-15 16:38:07
CUB,2026-01-02 11:59:00,288.05,288.35,287.8,288.35,5900,DHAN_HISTORY,2026-03-15 16:38:07
CUB,2026-01-02 12:00:00,288.15,288.5,287.95,288.2,16755,DHAN_HISTORY,2026-03-15 16:38:07
CUB,2026-01-02 12:01:00,288.15,288.5,288.15,288.45,1299,DHAN_HISTORY,2026-03-15 16:38:07
CUB,2026-01-02 12:02:00,288.5,288.7,288.3,288.3,2196,DHAN_HISTORY,2026-03-15 16:38:07
CUB,2026-01-02 12:03:00,288.3,288.5,288.2,288.45,2754,DHAN_HISTORY,2026-03-15 16:38:07
CUB,2026-01-02 12:04:00,288.3,288.6,288.3,288.4,2439,DHAN_HISTORY,2026-03-15 16:38:07
CUB,2026-01-02 12:05:00,288.55,289.35,288.55,289.35,9400,DHAN_HISTORY,2026-03-15 16:38:07
CUB,2026-01-02 12:06:00,289.15,289.25,288.5,288.5,6711,DHAN_HISTORY,2026-03-15 16:38:07
CUB,2026-01-02 12:07:00,288.5,288.55,288.2,288.2,2794,DHAN_HISTORY,2026-03-15 16:38:07
CUB,2026-01-02 12:08:00,288.25,288.25,287.7,288.1,3615,DHAN_HISTORY,2026-03-15 16:38:07
CUB,2026-01-02 12:09:00,288.25,288.3,287.85,287.85,2242,DHAN_HISTORY,2026-03-15 16:38:07
CUB,2026-01-02 12:10:00,287.85,288.45,287.8,288.45,1947,DHAN_HISTORY,2026-03-15 16:38:07
CUB,2026-01-02 12:11:00,288.3,288.5,288.25,288.25,1241,DHAN_HISTORY,2026-03-15 16:38:07
CUB,2026-01-02 12:12:00,288.65,289.0,288.25,288.55,21563,DHAN_HISTORY,2026-03-15 16:38:07
CUB,2026-01-02 12:13:00,288.55,289.0,288.5,288.65,12493,DHAN_HISTORY,2026-03-15 16:38:07
CUB,2026-01-02 12:14:00,288.8,289.0,288.65,288.75,5907,DHAN_HISTORY,2026-03-15 16:38:07
CUB,2026-01-02 12:15:00,288.8,288.95,288.3,288.5,9193,DHAN_HISTORY,2026-03-15 16:38:07
CUB,2026-01-02 12:16:00,288.85,288.85,288.5,288.6,1175,DHAN_HISTORY,2026-03-15 16:38:07
CUB,2026-01-02 12:17:00,288.7,288.7,288.45,288.5,1245,DHAN_HISTORY,2026-03-15 16:38:07
CUB,2026-01-02 12:18:00,288.65,288.65,288.25,288.25,1554,DHAN_HISTORY,2026-03-15 16:38:07
CUB,2026-01-02 12:19:00,288.4,288.4,288.25,288.25,1978,DHAN_HISTORY,2026-03-15 16:38:07
CUB,2026-01-02 12:20:00,288.35,288.5,288.35,288.5,1351,DHAN_HISTORY,2026-03-15 16:38:07
CUB,2026-01-02 12:21:00,288.5,288.5,288.25,288.3,2697,DHAN_HISTORY,2026-03-15 16:38:07
CUB,2026-01-02 12:22:00,288.5,288.5,288.25,288.35,1350,DHAN_HISTORY,2026-03-15 16:38:07
CUB,2026-01-02 12:23:00,288.5,288.5,288.1,288.2,5301,DHAN_HISTORY,2026-03-15 16:38:07
CUB,2026-01-02 12:24:00,288.45,288.6,288.15,288.35,5282,DHAN_HISTORY,2026-03-15 16:38:07
CUB,2026-01-02 12:25:00,288.6,288.7,288.25,288.35,5390,DHAN_HISTORY,2026-03-15 16:38:07
CUB,2026-01-02 12:26:00,288.55,288.95,288.35,288.7,6331,DHAN_HISTORY,2026-03-15 16:38:07
CUB,2026-01-02 12:27:00,288.85,288.9,288.45,288.75,4387,DHAN_HISTORY,2026-03-15 16:38:07
CUB,2026-01-02 12:28:00,288.7,288.85,288.5,288.65,2587,DHAN_HISTORY,2026-03-15 16:38:07
CUB,2026-01-02 12:29:00,288.8,288.8,288.45,288.45,1347,DHAN_HISTORY,2026-03-15 16:38:07
CUB,2026-01-02 12:30:00,288.55,288.8,288.3,288.55,4938,DHAN_HISTORY,2026-03-15 16:38:07
CUB,2026-01-02 12:31:00,288.75,288.9,288.6,288.65,5118,DHAN_HISTORY,2026-03-15 16:38:07
CUB,2026-01-02 12:32:00,288.85,288.95,288.4,288.65,1862,DHAN_HISTORY,2026-03-15 16:38:07
CUB,2026-01-02 12:33:00,288.85,288.85,288.5,288.6,1797,DHAN_HISTORY,2026-03-15 16:38:07
CUB,2026-01-02 12:34:00,288.8,289.1,288.75,288.85,6301,DHAN_HISTORY,2026-03-15 16:38:07
CUB,2026-01-02 12:35:00,289.0,289.0,288.8,288.8,1389,DHAN_HISTORY,2026-03-15 16:38:07
CUB,2026-01-02 12:36:00,288.9,288.95,288.75,288.75,1358,DHAN_HISTORY,2026-03-15 16:38:07
CUB,2026-01-02 12:37:00,288.9,288.95,288.5,288.5,2887,DHAN_HISTORY,2026-03-15 16:38:07
CUB,2026-01-02 12:38:00,288.35,289.05,288.35,288.55,3583,DHAN_HISTORY,2026-03-15 16:38:07
CUB,2026-01-02 12:39:00,288.55,289.25,288.55,288.95,2918,DHAN_HISTORY,2026-03-15 16:38:07
CUB,2026-01-02 12:40:00,288.95,289.05,288.8,288.8,1921,DHAN_HISTORY,2026-03-15 16:38:07
CUB,2026-01-02 12:41:00,289.0,289.05,288.65,288.7,1325,DHAN_HISTORY,2026-03-15 16:38:07
CUB,2026-01-02 12:42:00,288.9,288.9,288.7,288.7,1200,DHAN_HISTORY,2026-03-15 16:38:07
CUB,2026-01-02 12:43:00,288.9,288.9,288.6,288.6,1227,DHAN_HISTORY,2026-03-15 16:38:07
CUB,2026-01-02 12:44:00,288.75,288.75,288.55,288.55,1741,DHAN_HISTORY,2026-03-15 16:38:07
CUB,2026-01-02 12:45:00,288.75,288.75,288.5,288.6,1168,DHAN_HISTORY,2026-03-15 16:38:07
CUB,2026-01-02 12:46:00,288.75,288.75,288.5,288.5,1156,DHAN_HISTORY,2026-03-15 16:38:07
CUB,2026-01-02 12:47:00,288.6,288.75,288.5,288.6,2283,DHAN_HISTORY,2026-03-15 16:38:07
CUB,2026-01-02 12:48:00,288.7,288.75,288.5,288.6,1411,DHAN_HISTORY,2026-03-15 16:38:07
CUB,2026-01-02 12:49:00,288.75,288.85,288.55,288.55,2755,DHAN_HISTORY,2026-03-15 16:38:07
CUB,2026-01-02 12:50:00,288.7,288.9,288.5,288.65,2377,DHAN_HISTORY,2026-03-15 16:38:07
CUB,2026-01-02 12:51:00,288.8,289.05,288.65,289.0,2039,DHAN_HISTORY,2026-03-15 16:38:07
CUB,2026-01-02 12:52:00,289.05,289.05,288.6,288.6,1431,DHAN_HISTORY,2026-03-15 16:38:07
CUB,2026-01-02 12:53:00,288.85,288.9,288.6,288.7,1049,DHAN_HISTORY,2026-03-15 16:38:07
CUB,2026-01-02 12:54:00,288.95,289.4,288.65,289.0,7370,DHAN_HISTORY,2026-03-15 16:38:07
CUB,2026-01-02 12:55:00,289.15,289.4,289.0,289.05,8385,DHAN_HISTORY,2026-03-15 16:38:07
CUB,2026-01-02 12:56:00,289.3,289.35,289.1,289.2,1494,DHAN_HISTORY,2026-03-15 16:38:07
CUB,2026-01-02 12:57:00,289.3,289.3,289.05,289.2,5106,DHAN_HISTORY,2026-03-15 16:38:07
CUB,2026-01-02 12:58:00,289.25,289.4,289.15,289.3,1181,DHAN_HISTORY,2026-03-15 16:38:07
CUB,2026-01-02 12:59:00,289.4,289.4,289.05,289.1,4335,DHAN_HISTORY,2026-03-15 16:38:07
CUB,2026-01-02 13:00:00,289.2,289.3,288.8,288.85,1209,DHAN_HISTORY,2026-03-15 16:38:07
CUB,2026-01-02 13:01:00,289.0,289.0,288.65,288.65,2374,DHAN_HISTORY,2026-03-15 16:38:07
CUB,2026-01-02 13:02:00,288.75,288.95,288.65,288.7,1713,DHAN_HISTORY,2026-03-15 16:38:07
CUB,2026-01-02 13:03:00,288.85,288.85,288.6,288.75,2525,DHAN_HISTORY,2026-03-15 16:38:07
CUB,2026-01-02 13:04:00,288.8,288.85,288.55,288.7,2452,DHAN_HISTORY,2026-03-15 16:38:07
CUB,2026-01-02 13:05:00,288.85,288.85,288.4,288.45,2746,DHAN_HISTORY,2026-03-15 16:38:07
CUB,2026-01-02 13:06:00,288.75,288.75,288.4,288.4,1332,DHAN_HISTORY,2026-03-15 16:38:07
CUB,2026-01-02 13:07:00,288.45,288.7,288.25,288.4,4633,DHAN_HISTORY,2026-03-15 16:38:07
CUB,2026-01-02 13:08:00,288.5,288.6,288.2,288.4,1443,DHAN_HISTORY,2026-03-15 16:38:07
CUB,2026-01-02 13:09:00,288.3,288.55,288.2,288.2,2806,DHAN_HISTORY,2026-03-15 16:38:07
CUB,2026-01-02 13:10:00,288.45,288.5,288.0,288.0,2916,DHAN_HISTORY,2026-03-15 16:38:07
CUB,2026-01-02 13:11:00,288.3,288.3,287.5,287.7,7759,DHAN_HISTORY,2026-03-15 16:38:07
CUB,2026-01-02 13:12:00,287.85,287.9,287.55,287.55,2000,DHAN_HISTORY,2026-03-15 16:38:07
CUB,2026-01-02 13:13:00,287.6,287.95,286.6,286.65,9931,DHAN_HISTORY,2026-03-15 16:38:07
CUB,2026-01-02 13:14:00,286.8,287.1,286.6,286.7,4430,DHAN_HISTORY,2026-03-15 16:38:07
CUB,2026-01-02 13:15:00,286.7,286.95,286.5,286.55,10154,DHAN_HISTORY,2026-03-15 16:38:07
CUB,2026-01-02 13:16:00,286.65,286.8,286.5,286.55,8558,DHAN_HISTORY,2026-03-15 16:38:07
CUB,2026-01-02 13:17:00,286.65,287.0,286.55,286.9,2398,DHAN_HISTORY,2026-03-15 16:38:07
CUB,2026-01-02 13:18:00,286.9,287.25,286.85,287.1,3938,DHAN_HISTORY,2026-03-15 16:38:07
CUB,2026-01-02 13:19:00,287.15,287.9,287.1,287.6,10833,DHAN_HISTORY,2026-03-15 16:38:07
CUB,2026-01-02 13:20:00,287.75,288.0,287.55,287.6,4970,DHAN_HISTORY,2026-03-15 16:38:07
CUB,2026-01-02 13:21:00,287.75,287.85,287.6,287.75,4291,DHAN_HISTORY,2026-03-15 16:38:07
CUB,2026-01-02 13:22:00,287.85,287.85,287.7,287.7,2974,DHAN_HISTORY,2026-03-15 16:38:07
CUB,2026-01-02 13:23:00,287.75,287.8,287.65,287.65,1904,DHAN_HISTORY,2026-03-15 16:38:07
CUB,2026-01-02 13:24:00,287.75,287.8,287.6,287.65,1586,DHAN_HISTORY,2026-03-15 16:38:07
CUB,2026-01-02 13:25:00,287.75,287.8,287.55,287.55,3078,DHAN_HISTORY,2026-03-15 16:38:07
CUB,2026-01-02 13:26:00,287.6,287.7,287.55,287.55,1977,DHAN_HISTORY,2026-03-15 16:38:07
CUB,2026-01-02 13:27:00,287.65,287.65,287.5,287.55,1294,DHAN_HISTORY,2026-03-15 16:38:07
CUB,2026-01-02 13:28:00,287.65,288.05,287.55,287.95,10966,DHAN_HISTORY,2026-03-15 16:38:07
CUB,2026-01-02 13:29:00,287.95,288.4,287.85,288.1,13588,DHAN_HISTORY,2026-03-15 16:38:07
CUB,2026-01-02 13:30:00,288.2,288.35,287.35,287.75,9932,DHAN_HISTORY,2026-03-15 16:38:07
CUB,2026-01-02 13:31:00,287.8,288.0,287.75,287.75,2746,DHAN_HISTORY,2026-03-15 16:38:07
CUB,2026-01-02 13:32:00,287.85,287.9,287.7,287.75,1876,DHAN_HISTORY,2026-03-15 16:38:07
CUB,2026-01-02 13:33:00,287.85,288.3,287.8,288.1,3057,DHAN_HISTORY,2026-03-15 16:38:07
CUB,2026-01-02 13:34:00,288.15,288.4,287.9,288.15,5692,DHAN_HISTORY,2026-03-15 16:38:07
CUB,2026-01-02 13:35:00,288.15,288.15,287.2,287.2,13837,DHAN_HISTORY,2026-03-15 16:38:07
CUB,2026-01-02 13:36:00,287.3,287.5,287.2,287.5,1872,DHAN_HISTORY,2026-03-15 16:38:07
CUB,2026-01-02 13:37:00,287.3,287.55,287.2,287.2,1807,DHAN_HISTORY,2026-03-15 16:38:07
CUB,2026-01-02 13:38:00,287.35,287.5,287.0,287.05,2339,DHAN_HISTORY,2026-03-15 16:38:07
CUB,2026-01-02 13:39:00,287.15,287.25,286.9,286.9,1187,DHAN_HISTORY,2026-03-15 16:38:07
CUB,2026-01-02 13:40:00,287.1,287.2,286.8,286.8,1467,DHAN_HISTORY,2026-03-15 16:38:07
CUB,2026-01-02 13:41:00,286.8,287.05,286.65,286.75,4737,DHAN_HISTORY,2026-03-15 16:38:07
CUB,2026-01-02 13:42:00,286.85,287.0,286.7,286.8,2377,DHAN_HISTORY,2026-03-15 16:38:07
CUB,2026-01-02 13:43:00,286.85,287.05,286.75,286.8,1616,DHAN_HISTORY,2026-03-15 16:38:07
CUB,2026-01-02 13:44:00,286.85,287.05,286.7,286.75,2081,DHAN_HISTORY,2026-03-15 16:38:07
CUB,2026-01-02 13:45:00,287.0,287.0,286.7,286.7,1208,DHAN_HISTORY,2026-03-15 16:38:07
CUB,2026-01-02 13:46:00,286.75,286.95,286.7,286.8,1755,DHAN_HISTORY,2026-03-15 16:38:07
CUB,2026-01-02 13:47:00,286.8,287.1,286.75,287.05,3626,DHAN_HISTORY,2026-03-15 16:38:07
CUB,2026-01-02 13:48:00,287.2,287.9,287.0,287.9,6394,DHAN_HISTORY,2026-03-15 16:38:07
CUB,2026-01-02 13:49:00,287.95,287.95,287.6,287.85,2940,DHAN_HISTORY,2026-03-15 16:38:07
CUB,2026-01-02 13:50:00,287.9,287.95,287.7,287.8,4284,DHAN_HISTORY,2026-03-15 16:38:07
CUB,2026-01-02 13:51:00,287.8,288.2,287.8,288.1,4345,DHAN_HISTORY,2026-03-15 16:38:07
CUB,2026-01-02 13:52:00,288.2,288.25,287.55,287.55,23430,DHAN_HISTORY,2026-03-15 16:38:07
CUB,2026-01-02 13:53:00,287.65,287.85,287.4,287.85,7403,DHAN_HISTORY,2026-03-15 16:38:07
CUB,2026-01-02 13:54:00,287.9,287.95,287.7,287.75,3275,DHAN_HISTORY,2026-03-15 16:38:07
CUB,2026-01-02 13:55:00,287.8,287.8,287.5,287.7,5331,DHAN_HISTORY,2026-03-15 16:38:07
CUB,2026-01-02 13:56:00,287.75,288.05,287.55,287.75,6304,DHAN_HISTORY,2026-03-15 16:38:07
CUB,2026-01-02 13:57:00,287.95,287.95,287.5,287.7,2395,DHAN_HISTORY,2026-03-15 16:38:07
CUB,2026-01-02 13:58:00,287.85,288.1,287.85,288.0,2919,DHAN_HISTORY,2026-03-15 16:38:07
CUB,2026-01-02 13:59:00,288.0,288.05,287.55,287.75,5573,DHAN_HISTORY,2026-03-15 16:38:07
CUB,2026-01-02 14:00:00,287.8,288.0,287.55,287.85,4862,DHAN_HISTORY,2026-03-15 16:38:07
CUB,2026-01-02 14:01:00,287.85,288.0,287.5,287.7,2225,DHAN_HISTORY,2026-03-15 16:38:07
CUB,2026-01-02 14:02:00,287.7,287.9,287.4,287.55,3581,DHAN_HISTORY,2026-03-15 16:38:07
CUB,2026-01-02 14:03:00,287.55,287.95,287.55,287.7,2447,DHAN_HISTORY,2026-03-15 16:38:07
CUB,2026-01-02 14:04:00,287.7,287.85,287.5,287.8,2649,DHAN_HISTORY,2026-03-15 16:38:07
CUB,2026-01-02 14:05:00,287.65,287.9,287.1,287.65,6702,DHAN_HISTORY,2026-03-15 16:38:07
CUB,2026-01-02 14:06:00,287.7,288.0,287.6,287.8,2516,DHAN_HISTORY,2026-03-15 16:38:07
CUB,2026-01-02 14:07:00,287.8,287.95,287.55,287.7,2512,DHAN_HISTORY,2026-03-15 16:38:07
CUB,2026-01-02 14:08:00,287.75,287.9,287.6,287.85,3629,DHAN_HISTORY,2026-03-15 16:38:07
CUB,2026-01-02 14:09:00,287.95,287.95,287.4,287.65,3574,DHAN_HISTORY,2026-03-15 16:38:07
CUB,2026-01-02 14:10:00,287.9,287.9,287.3,287.5,3570,DHAN_HISTORY,2026-03-15 16:38:07
CUB,2026-01-02 14:11:00,287.75,288.1,287.65,288.0,3565,DHAN_HISTORY,2026-03-15 16:38:07
CUB,2026-01-02 14:12:00,288.1,288.1,287.5,287.85,4781,DHAN_HISTORY,2026-03-15 16:38:07
CUB,2026-01-02 14:13:00,287.95,288.0,287.55,287.8,4272,DHAN_HISTORY,2026-03-15 16:38:07
CUB,2026-01-02 14:14:00,287.8,287.85,287.45,287.7,3139,DHAN_HISTORY,2026-03-15 16:38:07
CUB,2026-01-02 14:15:00,287.7,287.85,287.65,287.8,3012,DHAN_HISTORY,2026-03-15 16:38:07
CUB,2026-01-02 14:16:00,287.95,287.95,287.7,287.8,3494,DHAN_HISTORY,2026-03-15 16:38:07
CUB,2026-01-02 14:17:00,287.9,288.0,287.7,287.8,2386,DHAN_HISTORY,2026-03-15 16:38:07
CUB,2026-01-02 14:18:00,287.9,287.95,287.7,287.7,2763,DHAN_HISTORY,2026-03-15 16:38:07
CUB,2026-01-02 14:19:00,287.7,287.9,287.7,287.85,3356,DHAN_HISTORY,2026-03-15 16:38:07
CUB,2026-01-02 14:20:00,287.9,288.0,287.7,287.95,2178,DHAN_HISTORY,2026-03-15 16:38:07
CUB,2026-01-02 14:21:00,287.8,288.0,287.75,287.95,5747,DHAN_HISTORY,2026-03-15 16:38:07
CUB,2026-01-02 14:22:00,288.05,288.05,287.75,287.9,2584,DHAN_HISTORY,2026-03-15 16:38:07
CUB,2026-01-02 14:23:00,288.0,288.1,287.7,287.8,7198,DHAN_HISTORY,2026-03-15 16:38:07
CUB,2026-01-02 14:24:00,287.75,288.0,287.7,287.95,2795,DHAN_HISTORY,2026-03-15 16:38:07
CUB,2026-01-02 14:25:00,287.95,288.05,287.75,287.95,2624,DHAN_HISTORY,2026-03-15 16:38:07
CUB,2026-01-02 14:26:00,288.05,288.2,287.8,287.95,3105,DHAN_HISTORY,2026-03-15 16:38:07
CUB,2026-01-02 14:27:00,288.1,288.5,287.8,288.3,2981,DHAN_HISTORY,2026-03-15 16:38:07
CUB,2026-01-02 14:28:00,288.3,288.45,287.85,288.1,5817,DHAN_HISTORY,2026-03-15 16:38:07
CUB,2026-01-02 14:29:00,288.25,288.45,287.95,288.2,3999,DHAN_HISTORY,2026-03-15 16:38:07
CUB,2026-01-02 14:30:00,288.25,288.4,287.9,288.15,5045,DHAN_HISTORY,2026-03-15 16:38:07
CUB,2026-01-02 14:31:00,288.15,288.25,288.05,288.2,2303,DHAN_HISTORY,2026-03-15 16:38:07
CUB,2026-01-02 14:32:00,288.2,288.3,288.05,288.05,3670,DHAN_HISTORY,2026-03-15 16:38:07
CUB,2026-01-02 14:33:00,288.05,288.15,287.85,288.15,1947,DHAN_HISTORY,2026-03-15 16:38:07
CUB,2026-01-02 14:34:00,288.25,288.25,287.95,288.0,3383,DHAN_HISTORY,2026-03-15 16:38:07
CUB,2026-01-02 14:35:00,288.0,288.15,287.95,288.0,1944,DHAN_HISTORY,2026-03-15 16:38:07
CUB,2026-01-02 14:36:00,288.15,288.25,287.8,288.1,4508,DHAN_HISTORY,2026-03-15 16:38:07
CUB,2026-01-02 14:37:00,288.1,288.15,287.8,288.05,3307,DHAN_HISTORY,2026-03-15 16:38:07
CUB,2026-01-02 14:38:00,288.1,288.5,288.05,288.3,6501,DHAN_HISTORY,2026-03-15 16:38:07
CUB,2026-01-02 14:39:00,288.3,288.4,288.25,288.4,2475,DHAN_HISTORY,2026-03-15 16:38:07
CUB,2026-01-02 14:40:00,288.4,288.5,288.3,288.45,2303,DHAN_HISTORY,2026-03-15 16:38:07
CUB,2026-01-02 14:41:00,288.5,288.5,288.1,288.3,5248,DHAN_HISTORY,2026-03-15 16:38:07
CUB,2026-01-02 14:42:00,288.3,288.5,288.2,288.2,3997,DHAN_HISTORY,2026-03-15 16:38:07
CUB,2026-01-02 14:43:00,288.2,288.5,288.2,288.45,6597,DHAN_HISTORY,2026-03-15 16:38:07
CUB,2026-01-02 14:44:00,288.4,288.5,288.25,288.3,3657,DHAN_HISTORY,2026-03-15 16:38:07
CUB,2026-01-02 14:45:00,288.4,288.45,288.05,288.15,1810,DHAN_HISTORY,2026-03-15 16:38:07
CUB,2026-01-02 14:46:00,288.25,288.25,288.0,288.15,4685,DHAN_HISTORY,2026-03-15 16:38:07
CUB,2026-01-02 14:47:00,288.25,288.3,288.0,288.15,1702,DHAN_HISTORY,2026-03-15 16:38:07
CUB,2026-01-02 14:48:00,288.15,288.25,288.0,288.1,7632,DHAN_HISTORY,2026-03-15 16:38:07
CUB,2026-01-02 14:49:00,288.1,288.15,287.75,287.95,5941,DHAN_HISTORY,2026-03-15 16:38:07
CUB,2026-01-02 14:50:00,288.1,288.4,288.05,288.3,4883,DHAN_HISTORY,2026-03-15 16:38:07
CUB,2026-01-02 14:51:00,288.2,288.4,288.1,288.25,8052,DHAN_HISTORY,2026-03-15 16:38:07
CUB,2026-01-02 14:52:00,288.35,288.4,288.05,288.1,3793,DHAN_HISTORY,2026-03-15 16:38:07
CUB,2026-01-02 14:53:00,288.25,288.35,288.0,288.1,3085,DHAN_HISTORY,2026-03-15 16:38:07
CUB,2026-01-02 14:54:00,288.1,288.3,288.0,288.15,3410,DHAN_HISTORY,2026-03-15 16:38:07
CUB,2026-01-02 14:55:00,288.15,288.3,288.0,288.3,3087,DHAN_HISTORY,2026-03-15 16:38:07
CUB,2026-01-02 14:56:00,288.3,288.4,288.1,288.4,2458,DHAN_HISTORY,2026-03-15 16:38:07
CUB,2026-01-02 14:57:00,288.35,288.5,288.05,288.15,2987,DHAN_HISTORY,2026-03-15 16:38:07
CUB,2026-01-02 14:58:00,288.25,288.35,288.0,288.15,4510,DHAN_HISTORY,2026-03-15 16:38:07
CUB,2026-01-02 14:59:00,288.2,288.3,288.05,288.2,4273,DHAN_HISTORY,2026-03-15 16:38:07
CUB,2026-01-02 15:00:00,288.25,289.1,288.25,288.9,32161,DHAN_HISTORY,2026-03-15 16:38:07
CUB,2026-01-02 15:01:00,288.95,289.0,288.75,288.8,4606,DHAN_HISTORY,2026-03-15 16:38:07
CUB,2026-01-02 15:02:00,288.8,289.0,288.4,288.6,3749,DHAN_HISTORY,2026-03-15 16:38:07
CUB,2026-01-02 15:03:00,288.7,288.75,288.35,288.5,3275,DHAN_HISTORY,2026-03-15 16:38:07
CUB,2026-01-02 15:04:00,288.6,288.7,288.3,288.7,4385,DHAN_HISTORY,2026-03-15 16:38:07
CUB,2026-01-02 15:05:00,288.7,288.85,288.5,288.7,3190,DHAN_HISTORY,2026-03-15 16:38:07
CUB,2026-01-02 15:06:00,288.7,288.85,288.4,288.5,3565,DHAN_HISTORY,2026-03-15 16:38:07
CUB,2026-01-02 15:07:00,288.8,289.0,288.4,288.8,13129,DHAN_HISTORY,2026-03-15 16:38:07
CUB,2026-01-02 15:08:00,288.85,289.0,288.5,288.65,10806,DHAN_HISTORY,2026-03-15 16:38:07
CUB,2026-01-02 15:09:00,288.75,289.0,288.55,288.9,3638,DHAN_HISTORY,2026-03-15 16:38:07
CUB,2026-01-02 15:10:00,288.95,288.95,288.6,288.8,5085,DHAN_HISTORY,2026-03-15 16:38:07
CUB,2026-01-02 15:11:00,288.8,288.95,288.6,288.95,5075,DHAN_HISTORY,2026-03-15 16:38:07
CUB,2026-01-02 15:12:00,288.9,288.9,288.55,288.7,5928,DHAN_HISTORY,2026-03-15 16:38:07
CUB,2026-01-02 15:13:00,288.8,288.95,288.45,288.9,6448,DHAN_HISTORY,2026-03-15 16:38:07
CUB,2026-01-02 15:14:00,288.8,289.0,288.75,288.95,9158,DHAN_HISTORY,2026-03-15 16:38:07
CUB,2026-01-02 15:15:00,288.95,289.2,288.7,288.75,24669,DHAN_HISTORY,2026-03-15 16:38:07
CUB,2026-01-02 15:16:00,288.7,288.95,288.45,288.65,8091,DHAN_HISTORY,2026-03-15 16:38:07
CUB,2026-01-02 15:17:00,288.8,288.9,288.55,288.75,7067,DHAN_HISTORY,2026-03-15 16:38:07
CUB,2026-01-02 15:18:00,288.9,288.9,288.25,288.5,5674,DHAN_HISTORY,2026-03-15 16:38:07
CUB,2026-01-02 15:19:00,288.6,288.65,288.1,288.3,7631,DHAN_HISTORY,2026-03-15 16:38:07
CUB,2026-01-02 15:20:00,288.3,288.35,288.15,288.25,6585,DHAN_HISTORY,2026-03-15 16:38:07
CUB,2026-01-02 15:21:00,288.25,288.3,287.85,288.1,9616,DHAN_HISTORY,2026-03-15 16:38:07
CUB,2026-01-02 15:22:00,288.2,288.6,287.95,288.5,4836,DHAN_HISTORY,2026-03-15 16:38:07
CUB,2026-01-02 15:23:00,288.5,288.75,288.35,288.4,5357,DHAN_HISTORY,2026-03-15 16:38:07
CUB,2026-01-02 15:24:00,288.4,288.6,288.05,288.15,7358,DHAN_HISTORY,2026-03-15 16:38:07
CUB,2026-01-02 15:25:00,288.15,288.4,287.8,288.1,13900,DHAN_HISTORY,2026-03-15 16:38:07
CUB,2026-01-02 15:26:00,287.85,288.1,287.5,287.5,11765,DHAN_HISTORY,2026-03-15 16:38:07
CUB,2026-01-02 15:27:00,287.7,288.1,287.2,287.25,6085,DHAN_HISTORY,2026-03-15 16:38:07
CUB,2026-01-02 15:28:00,287.25,287.75,287.1,287.75,8119,DHAN_HISTORY,2026-03-15 16:38:07
CUB,2026-01-02 15:29:00,287.6,288.45,287.25,287.25,3042,DHAN_HISTORY,2026-03-15 16:38:07
